id,fullname,job,gender,city,salary,birthday
46,Meredithe Meckiff,Senior Editor,F,Rudnichnyy,1,08/06/2024
44,Filide Keller,Engineer I,M,Guantian,2,10/24/2024
28,Brandise Dansken,Chemical Engineer,F,Eloy Alfaro,3,02/15/2025
63,Ericka Ferreres,Structural Engineer,F,San Diego,4,02/24/2025
79,Katherina Rutty,Quality Control Specialist,F,Volta Redonda,5,03/05/2025
24,Florrie Achromov,Human Resources Assistant II,F,Itéa,6,02/12/2025
4,Aarika Krabbe,Mechanical Systems Engineer,M,Greensboro,7,11/15/2024
41,Stanwood Rotlauf,Speech Pathologist,M,Erling,8,07/15/2024
96,Allistir Gosnold,Project Manager,F,Andoany,9,04/06/2024
70,Dirk Sugars,Nurse Practicioner,F,Huomachong,10,02/11/2025
16,Laurie Trett,Associate Professor,F,Boyeros,11,07/22/2024
62,Chrissie Mandeville,Design Engineer,F,El Retiro,12,08/15/2024
45,Gib Menendez,Research Assistant III,M,Banjar Dauhpura,13,11/22/2024
47,Berkie Penticoot,Executive Secretary,F,Xinsheng,14,08/22/2024
45,Laney Gorbell,Environmental Specialist,F,Abovyan,15,04/19/2024
6,Louis Clempton,Human Resources Assistant I,M,Luchenza,16,07/11/2024
80,Gilli MacNeill,Geologist II,F,Nangxian,17,10/17/2024
11,Clea Bellson,Information Systems Manager,M,Namie,18,03/28/2024
78,Geordie Pedlingham,Financial Advisor,F,Karlstad,19,09/08/2024
98,Wye January 1st,Information Systems Manager,F,Sulak,20,04/27/2024
7,Kimbra Crosfeld,Librarian,M,Göteborg,21,07/21/2024
14,Violetta Karpenko,Accounting Assistant IV,F,Sundre,22,10/08/2024
35,Margie Hadingham,Senior Cost Accountant,F,Kostel,23,03/31/2024
74,Bank Flucks,Mechanical Systems Engineer,F,Gornji Grad,24,05/21/2024
97,Modestia Stonebridge,Account Executive,M,Tselinnoye,25,07/14/2024
19,Judith Westover,Librarian,F,Charlottesville,26,03/26/2024
69,Will Minocchi,Programmer Analyst II,M,Fuyu,27,11/24/2024
95,Neron Aronsohn,Legal Assistant,M,Şaḩam,28,06/24/2024
84,Catherine Pointon,Editor,F,Wesoła,29,11/24/2024
83,Cyril Darthe,Nurse,F,Zhongling,30,11/04/2024
58,Golda Lorriman,Senior Financial Analyst,F,Staropavlovskaya,31,12/12/2024
13,Charley Irlam,Actuary,F,Khuzhir,32,09/03/2024
85,Margy Chadbourne,Software Consultant,M,São Pedro,33,11/15/2024
44,Brien McAlpin,Administrative Officer,M,Dimbokro,34,06/28/2024
37,Wallis Gaucher,Web Designer I,F,Ngô Đồng,35,08/29/2024
73,Dewey Knoles,General Manager,F,Zaysan,36,11/23/2024
23,Pieter Wyatt,Software Test Engineer I,M,Inhumas,37,09/21/2024
43,Maurits Mussalli,Dental Hygienist,M,Puncakmanis,38,01/10/2025
2,Merralee Cluney,Civil Engineer,M,Abreus,39,08/21/2024
80,Aurelia Nilges,Budget/Accounting Analyst IV,F,Färgelanda,40,03/28/2024
68,Guthry Alvar,Graphic Designer,M,Lages,41,06/17/2024
86,Enid Fronek,VP Sales,M,Carigara,42,09/21/2024
80,Latrina Fowley,Account Representative IV,F,Vërtop,43,12/26/2024
89,Lise Clamp,Data Coordinator,M,Beigang,44,08/31/2024
77,Antone Pittle,Nurse,F,Kulevcha,45,03/26/2024
33,Rozanne Iacovelli,Staff Accountant IV,M,Taishihe,46,05/07/2024
78,Skylar Goldie,Research Associate,M,Maishi,47,12/09/2024
96,Galina Reede,Accountant IV,M,Khrebtovaya,48,09/12/2024
82,Tucky Counsell,Executive Secretary,M,Courtaboeuf,49,01/13/2025
90,Cherry Eveque,Account Representative I,M,Porsgrunn,50,11/08/2024
